{
    "counter": {
        "ACTIVE": 15257,
        "INACTIVE": 5737,
        "INVALID": 6,
        "MALICIOUS": 0,
        "SANE": 0,
        "VALID": 0,
        "total": 21000
    },
    "percentage": {
        "ACTIVE": 72.65238095238095,
        "INACTIVE": 27.31904761904762,
        "INVALID": 0.02857142857142857,
        "MALICIOUS": 0.0,
        "SANE": 0.0,
        "VALID": 0.0,
        "total": 100.0
    }
}