{
    "counter": {
        "ACTIVE": 15141,
        "INACTIVE": 5853,
        "INVALID": 6,
        "MALICIOUS": 0,
        "SANE": 0,
        "VALID": 0,
        "total": 21000
    },
    "percentage": {
        "ACTIVE": 72.1,
        "INACTIVE": 27.87142857142857,
        "INVALID": 0.02857142857142857,
        "MALICIOUS": 0.0,
        "SANE": 0.0,
        "VALID": 0.0,
        "total": 100.0
    }
}