{
    "counter": {
        "ACTIVE": 17839,
        "INACTIVE": 3155,
        "INVALID": 6,
        "MALICIOUS": 0,
        "SANE": 0,
        "VALID": 0,
        "total": 21000
    },
    "percentage": {
        "ACTIVE": 84.94761904761904,
        "INACTIVE": 15.025240499095151,
        "INVALID": 0.05506102597045058,
        "MALICIOUS": 0,
        "SANE": 0,
        "VALID": 0,
        "total": 100.02792057268464
    }
}