{
    "counter": {
        "ACTIVE": 16126,
        "INACTIVE": 4868,
        "INVALID": 6,
        "MALICIOUS": 0,
        "SANE": 0,
        "VALID": 0,
        "total": 21000
    },
    "percentage": {
        "ACTIVE": 76.79047619047618,
        "INACTIVE": 23.18095238095238,
        "INVALID": 0.02857142857142857,
        "MALICIOUS": 0.0,
        "SANE": 0.0,
        "VALID": 0.0,
        "total": 99.99999999999999
    }
}