{
    "counter": {
        "ACTIVE": 17229,
        "INACTIVE": 3765,
        "INVALID": 6,
        "MALICIOUS": 0,
        "SANE": 0,
        "VALID": 0,
        "total": 21000
    },
    "percentage": {
        "ACTIVE": 82.04285714285714,
        "INACTIVE": 17.930279074197543,
        "INVALID": 0.05506102597045058,
        "MALICIOUS": 0,
        "SANE": 0,
        "VALID": 0,
        "total": 100.02819724302513
    }
}