{
    "counter": {
        "ACTIVE": 17328,
        "INACTIVE": 3666,
        "INVALID": 6,
        "MALICIOUS": 0,
        "SANE": 0,
        "VALID": 0,
        "total": 21000
    },
    "percentage": {
        "ACTIVE": 82.51428571428572,
        "INACTIVE": 17.458805600533385,
        "INVALID": 0.05506102597045058,
        "MALICIOUS": 0,
        "SANE": 0,
        "VALID": 0,
        "total": 100.02815234078955
    }
}