{
    "counter": {
        "ACTIVE": 16233,
        "INACTIVE": 4761,
        "INVALID": 6,
        "MALICIOUS": 0,
        "SANE": 0,
        "VALID": 0,
        "total": 21000
    },
    "percentage": {
        "ACTIVE": 77.3,
        "INACTIVE": 22.67142857142857,
        "INVALID": 0.02857142857142857,
        "MALICIOUS": 0.0,
        "SANE": 0.0,
        "VALID": 0.0,
        "total": 99.99999999999999
    }
}