{
    "counter": {
        "ACTIVE": 16827,
        "INACTIVE": 4171,
        "INVALID": 2,
        "MALICIOUS": 0,
        "SANE": 0,
        "VALID": 0,
        "total": 21000
    },
    "percentage": {
        "ACTIVE": 80.12857142857143,
        "INACTIVE": 19.869474085365855,
        "INVALID": 0.014047903350424948,
        "MALICIOUS": 0,
        "SANE": 0,
        "VALID": 0,
        "total": 100.01209341728772
    }
}