{
    "counter": {
        "ACTIVE": 16245,
        "INACTIVE": 4753,
        "INVALID": 2,
        "MALICIOUS": 0,
        "SANE": 0,
        "VALID": 0,
        "total": 21000
    },
    "percentage": {
        "ACTIVE": 77.35714285714286,
        "INACTIVE": 22.637645265764906,
        "INVALID": 0.011285407967498025,
        "MALICIOUS": 0,
        "SANE": 0,
        "VALID": 0,
        "total": 100.00607353087526
    }
}