{
    "counter": {
        "ACTIVE": 17475,
        "INACTIVE": 3519,
        "INVALID": 6,
        "MALICIOUS": 0,
        "SANE": 0,
        "VALID": 0,
        "total": 21000
    },
    "percentage": {
        "ACTIVE": 83.21428571428571,
        "INACTIVE": 16.758738927516905,
        "INVALID": 0.05506102597045058,
        "MALICIOUS": 0,
        "SANE": 0,
        "VALID": 0,
        "total": 100.02808566777306
    }
}