{
    "counter": {
        "ACTIVE": 17965,
        "INACTIVE": 3028,
        "INVALID": 7,
        "MALICIOUS": 0,
        "SANE": 0,
        "VALID": 0,
        "total": 21000
    },
    "percentage": {
        "ACTIVE": 85.58022103658537,
        "INACTIVE": 14.41904761904762,
        "INVALID": 0.036929570034291745,
        "MALICIOUS": 0,
        "SANE": 0,
        "VALID": 0,
        "total": 100.03619822566728
    }
}