{
    "counter": {
        "ACTIVE": 16908,
        "INACTIVE": 4086,
        "INVALID": 6,
        "MALICIOUS": 0,
        "SANE": 0,
        "VALID": 0,
        "total": 21000
    },
    "percentage": {
        "ACTIVE": 80.51428571428572,
        "INACTIVE": 19.458996094866176,
        "INVALID": 0.05506102597045058,
        "MALICIOUS": 0,
        "SANE": 0,
        "VALID": 0,
        "total": 100.02834283512234
    }
}