{
    "counter": {
        "ACTIVE": 16641,
        "INACTIVE": 4353,
        "INVALID": 6,
        "MALICIOUS": 0,
        "SANE": 0,
        "VALID": 0,
        "total": 21000
    },
    "percentage": {
        "ACTIVE": 79.24285714285715,
        "INACTIVE": 20.730545766263454,
        "INVALID": 0.05506102597045058,
        "MALICIOUS": 0,
        "SANE": 0,
        "VALID": 0,
        "total": 100.02846393509105
    }
}