{
    "counter": {
        "ACTIVE": 17860,
        "INACTIVE": 3139,
        "INVALID": 1,
        "MALICIOUS": 0,
        "SANE": 0,
        "VALID": 0,
        "total": 21000
    },
    "percentage": {
        "ACTIVE": 85.04761904761905,
        "INACTIVE": 14.953315548780488,
        "INVALID": 0.006833868653044488,
        "MALICIOUS": 0,
        "SANE": 0,
        "VALID": 0,
        "total": 100.00776846505258
    }
}