{
    "counter": {
        "ACTIVE": 15200,
        "INACTIVE": 5794,
        "INVALID": 6,
        "MALICIOUS": 0,
        "SANE": 0,
        "VALID": 0,
        "total": 21000
    },
    "percentage": {
        "ACTIVE": 72.38095238095238,
        "INACTIVE": 27.590476190476192,
        "INVALID": 0.02857142857142857,
        "MALICIOUS": 0.0,
        "SANE": 0.0,
        "VALID": 0.0,
        "total": 100.0
    }
}